{
  "version": 1,
  "author": "Uri Shaked",
  "editor": "wokwi",
  "parts": [
    { "type": "wokwi-arduino-uno", "id": "uno", "top": 113.97, "left": 25.72, "attrs": {} },
    {
      "type": "wokwi-hc-sr04",
      "id": "ultrasonic",
      "top": -32.34,
      "left": 117.89,
      "attrs": { "distance": "100" }
    }
  ],
  "connections": [
    [ "uno:GND.1", "ultrasonic:GND", "black", [ "v-8", "*", "v8" ] ],
    [ "uno:13", "ultrasonic:ECHO", "green", [] ],
    [ "uno:12", "ultrasonic:TRIG", "purple", [ "*", "v4" ] ],
    [ "uno:5V", "ultrasonic:VCC", "red", [ "v16", "h-96", "*", "v12" ] ]
  ]
}